postal code,1,2
1,0,0.000001
2,0.000001,0